x,y,t
56,95,1730092826.6465766
115,190,1730092826.692578
171,285,1730092826.733596
226,380,1730092826.7735946
131,285,1730092826.8165967
36,190,1730092826.8661113
-59,95,1730092826.9071262
-154,0,1730092826.9481232
-249,-95,1730092826.9931242
-198,0,1730092827.032956
-293,-95,1730092827.0739558
-388,-190,1730092827.1149538
-343,-95,1730092827.1639526
-438,-190,1730092827.2069762
-533,-285,1730092827.2469761
-628,-380,1730092827.2939756
-583,-285,1730092827.3395088
-678,-380,1730092827.3825083
-773,-475,1730092827.4275079
-868,-570,1730092827.4710374
-963,-665,1730092827.5131483
-1058,-760,1730092827.5541878
-1153,-855,1730092827.598708
-1106,-760,1730092827.6407118
-1201,-855,1730092827.6807153
-1296,-950,1730092827.7267115
-1391,-1045,1730092827.7680511
-1486,-1140,1730092827.8090599
-1581,-1235,1730092827.8570735
-1676,-1330,1730092827.897606
-1622,-1235,1730092827.9406059
-1717,-1330,1730092827.9921174
-1812,-1425,1730092828.0317938
-1907,-1520,1730092828.0737936
-2002,-1615,1730092828.1258156
-2097,-1710,1730092828.164831
-2192,-1805,1730092828.2068315
-2287,-1900,1730092828.2545118
-2382,-1995,1730092828.294029
-2477,-2090,1730092828.3350294
-2572,-2185,1730092828.3815327
-2512,-2090,1730092828.4243305
-2607,-2185,1730092828.4663298
-2702,-2280,1730092828.5123534
-2642,-2185,1730092828.5570912
-2737,-2280,1730092828.5981297
-2832,-2375,1730092828.6501377
-2927,-2470,1730092828.689191
-2864,-2375,1730092828.7312074
-2959,-2470,1730092828.77771
-2893,-2375,1730092828.8182418
-2827,-2280,1730092828.860245
-2922,-2375,1730092828.9099398
-2858,-2280,1730092828.952453
-2793,-2185,1730092828.9944506
-2728,-2090,1730092829.0476646
-2823,-2185,1730092829.0910337
-2758,-2090,1730092829.1330414
-2695,-1995,1730092829.1790607
-2790,-2090,1730092829.223515
-2726,-1995,1730092829.2655146
-2664,-1900,1730092829.3135178
-2604,-1805,1730092829.3570907
-2546,-1710,1730092829.3970907
-2484,-1615,1730092829.4442945
-2579,-1710,1730092829.4871066
-2674,-1805,1730092829.5281084
-2769,-1900,1730092829.5771048
-2864,-1995,1730092829.6207838
-2959,-2090,1730092829.6607993
-3054,-2185,1730092829.7097988
-3149,-2280,1730092829.7508166
-3244,-2375,1730092829.79051
-3339,-2470,1730092829.8375592
-3434,-2565,1730092829.8775795
-3529,-2660,1730092829.916577
-3624,-2755,1730092829.959578
-3719,-2850,1730092830.0012488
-3814,-2945,1730092830.0432453
-3909,-3040,1730092830.0922458
-4004,-3135,1730092830.1328564
-4099,-3230,1730092830.1728542
-4194,-3325,1730092830.2158535
-4289,-3420,1730092830.264358
-4384,-3515,1730092830.3058712
-4479,-3610,1730092830.3478718
-4574,-3705,1730092830.3918715
-4669,-3800,1730092830.4328885
-4764,-3895,1730092830.4728873
-4704,-3800,1730092830.513887
-4645,-3705,1730092830.5608878
-4740,-3800,1730092830.6019032
-4680,-3705,1730092830.642905
-4775,-3800,1730092830.690618
-4712,-3705,1730092830.7311287
-4807,-3800,1730092830.7731287
-4742,-3705,1730092830.820641
-4675,-3610,1730092830.86165
-4608,-3515,1730092830.9046526
-4543,-3420,1730092830.9531748
-4638,-3515,1730092830.9942014
-4733,-3610,1730092831.036202
-4666,-3515,1730092831.082703
-4761,-3610,1730092831.123242
-4698,-3515,1730092831.1662397
-4635,-3420,1730092831.213326
-4730,-3515,1730092831.2543433
-4664,-3420,1730092831.2953415
-4759,-3515,1730092831.343341
-4699,-3420,1730092831.3843563
-4794,-3515,1730092831.4263566
-4889,-3610,1730092831.4763737
-4984,-3705,1730092831.516881
-5079,-3800,1730092831.5578809
-5174,-3895,1730092831.6063926
-5119,-3800,1730092831.647412
-5066,-3705,1730092831.6907213
-5161,-3800,1730092831.7382393
-5256,-3895,1730092831.7767491
-5205,-3800,1730092831.8167493
-5154,-3705,1730092831.862749
-5104,-3610,1730092831.9047675
-5051,-3515,1730092831.9447668
-5146,-3610,1730092831.9847813
-5094,-3515,1730092832.0331123
-5039,-3420,1730092832.0746183
-4984,-3325,1730092832.1156194
-5079,-3420,1730092832.1610212
-5029,-3325,1730092832.2019217
-4983,-3230,1730092832.243146
-5078,-3325,1730092832.2841458
-5173,-3420,1730092832.335239
-5130,-3325,1730092832.3755038
-5225,-3420,1730092832.4185042
-5320,-3515,1730092832.4660132
-5415,-3610,1730092832.5074391
-5375,-3515,1730092832.549439
-5338,-3420,1730092832.59444
-5433,-3515,1730092832.6374545
-5401,-3420,1730092832.6793609
-5369,-3325,1730092832.7273686
-5337,-3230,1730092832.7673862
-5303,-3135,1730092832.8083863
-5269,-3040,1730092832.8493884
-5233,-2945,1730092832.8998942
-5201,-2850,1730092832.9394028
-5168,-2755,1730092832.982404
-5138,-2660,1730092833.0264034
-5111,-2565,1730092833.06811
-5087,-2470,1730092833.108119
-5064,-2375,1730092833.1491184
-5040,-2280,1730092833.1961184
-5135,-2375,1730092833.2381358
-5230,-2470,1730092833.2781365
-5325,-2565,1730092833.319137
-5310,-2470,1730092833.368161
-5299,-2375,1730092833.4081607
-5289,-2280,1730092833.4491622
-5279,-2185,1730092833.495161
-5269,-2090,1730092833.5381835
-5259,-1995,1730092833.5791817
-5354,-2090,1730092833.6286848
-5344,-1995,1730092833.6687114
-5334,-1900,1730092833.7087114
-5324,-1805,1730092833.750714
-5334,-1710,1730092833.7992187
-5344,-1615,1730092833.8407493
-5354,-1520,1730092833.882749
-5364,-1425,1730092833.92675
-5374,-1330,1730092833.967807
-5384,-1235,1730092834.0088425
-5479,-1330,1730092834.050842
-5574,-1425,1730092834.0993593
-5584,-1330,1730092834.1408715
-5595,-1235,1730092834.1808715
-5608,-1140,1730092834.224872
-5620,-1045,1730092834.2648869
-5632,-950,1730092834.3078876
-5643,-855,1730092834.3488867
-5738,-950,1730092834.3962493
-5750,-855,1730092834.4384267
-5845,-950,1730092834.4794266
-5940,-1045,1730092834.5254269
-5956,-950,1730092834.5678232
-5970,-855,1730092834.6088305
-5986,-760,1730092834.6518302
-6000,-665,1730092834.7005866
-6016,-570,1730092834.7405937
-6034,-475,1730092834.7835937
-6053,-380,1730092834.832101
-6148,-475,1730092834.8736238
-6167,-380,1730092834.9156253
-6183,-285,1730092834.958625
-6201,-190,1730092834.998643
-6217,-95,1730092835.039642
-6235,0,1730092835.078644
-6252,95,1730092835.1305146
-6271,190,1730092835.174243
-6292,285,1730092835.2162418
-6387,190,1730092835.259243
-6482,95,1730092835.300265
-6577,0,1730092835.341265
-6672,-95,1730092835.383268
-6690,0,1730092835.431773
-6706,95,1730092835.4732852
-6723,190,1730092835.515286
-6742,285,1730092835.561
-6762,380,1730092835.6034007
-6776,475,1730092835.6464
-6794,570,1730092835.6884
-6811,665,1730092835.7341359
-6826,760,1730092835.775143
-6840,855,1730092835.816143
-6855,950,1730092835.865524
-6869,1045,1730092835.9075463
-6885,1140,1730092835.9505467
-6899,1235,1730092835.994547
-6913,1330,1730092836.0375667
-6927,1425,1730092836.078408
-6941,1520,1730092836.125417
-7036,1425,1730092836.1674318
-7049,1520,1730092836.2074323
-7061,1615,1730092836.2494323
-7072,1710,1730092836.2954328
-7167,1615,1730092836.3380346
-7177,1710,1730092836.379466
-7187,1805,1730092836.4214735
-7282,1710,1730092836.4660003
-7377,1615,1730092836.5070007
-7472,1520,1730092836.5470004
-7567,1425,1730092836.5960047
-7577,1520,1730092836.6410189
-7587,1615,1730092836.6830184
-7597,1710,1730092836.729527
-7688,1615,1730092836.7710347
-7782,1520,1730092836.813033
-7782,1615,1730092836.861036
-7877,1520,1730092836.9019072
-7867,1615,1730092836.9429147
-7867,1710,1730092836.9839149
-7857,1805,1730092837.0334485
-7847,1900,1730092837.0744524
-7837,1995,1730092837.1144521
-7827,2090,1730092837.1614528
-7916,1995,1730092837.2029629
-7906,2090,1730092837.2429624
-7896,2185,1730092837.287246
-7886,2280,1730092837.337753
-7876,2375,1730092837.384754
-7865,2470,1730092837.4267533
-7850,2565,1730092837.466753
-7834,2660,1730092837.508754
-7820,2755,1730092837.5507524
-7906,2660,1730092837.5917532
-8001,2565,1730092837.6347535
-8087,2470,1730092837.6747532
-8175,2375,1730092837.715754
-8263,2280,1730092837.7577531
-8247,2375,1730092837.8001451
-8225,2470,1730092837.8411539
-8202,2565,1730092837.882155
-8297,2470,1730092837.9251537
-8274,2565,1730092837.9661536
-8369,2470,1730092838.0071542
-8347,2565,1730092838.0511546
-8431,2470,1730092838.0911534
-8517,2375,1730092838.134007
-8486,2470,1730092838.1740167
-8453,2565,1730092838.2150154
-8415,2660,1730092838.2570162
-8378,2755,1730092838.2990158
-8473,2660,1730092838.3405359
-8434,2755,1730092838.382536
-8395,2850,1730092838.4255352
-8479,2755,1730092838.466538
-8563,2660,1730092838.5085347
-8647,2565,1730092838.5485342
-8728,2470,1730092838.5905344
-8681,2565,1730092838.6345348
-8761,2470,1730092838.6745343
-8845,2375,1730092838.7165346
-8931,2280,1730092838.7565353
-9015,2185,1730092838.7985349
-9096,2090,1730092838.8415375
-9177,1995,1730092838.882536
-9254,1900,1730092838.9245374
-9335,1805,1730092838.965537
-9420,1710,1730092839.0075388
-9497,1615,1730092839.0485365
-9576,1520,1730092839.091542
-9655,1425,1730092839.1335382
-9727,1330,1730092839.1735363
-9801,1235,1730092839.2165363
-9876,1140,1730092839.2565389
-9955,1045,1730092839.2975342
-10050,950,1730092839.340535
-10122,855,1730092839.3825362
-10195,760,1730092839.4245374
-10266,665,1730092839.4665353
-10338,570,1730092839.5075362
-10405,475,1730092839.5485394
-10500,380,1730092839.5905378
-10409,475,1730092839.6342354
-10474,380,1730092839.6742449
-10383,475,1730092839.7152445
-10448,380,1730092839.7572443
-10543,285,1730092839.7982452
-10448,380,1730092839.8422449
-10353,475,1730092839.8822448
-10258,570,1730092839.9242444
-10163,665,1730092839.9662447
-10068,760,1730092840.0067694
-10126,665,1730092840.0467703
-10031,760,1730092840.0907698
-9936,855,1730092840.1327708
-9841,950,1730092840.1747706
-9746,1045,1730092840.2157695
-9651,1140,1730092840.25777
-9556,1235,1730092840.298771
-9461,1330,1730092840.3407707
-9366,1425,1730092840.38177
-9425,1330,1730092840.4247704
-9485,1235,1730092840.4667706
-9390,1330,1730092840.5077693
-9451,1235,1730092840.5487714
-9356,1330,1730092840.5907745
-9261,1425,1730092840.632771
-9166,1520,1730092840.6747718
-9071,1615,1730092840.7157714
-8976,1710,1730092840.7577703
-8881,1805,1730092840.79877
-8786,1900,1730092840.8407714
-8860,1805,1730092840.88177
-8955,1710,1730092840.9247713
-8860,1805,1730092840.9647727
-8932,1710,1730092841.0087712
-8837,1805,1730092841.0487857
-8920,1710,1730092841.0917857
-8825,1805,1730092841.134786
-8907,1710,1730092841.1767871
-8812,1805,1730092841.2167878
-8891,1710,1730092841.2587862
-8796,1805,1730092841.3012848
-8701,1900,1730092841.3425906
-8606,1995,1730092841.3836133
-8511,2090,1730092841.4236112
-8416,2185,1730092841.465616
-8321,2280,1730092841.5076118
-8226,2375,1730092841.5496132
-8131,2470,1730092841.5906124
-8036,2565,1730092841.6344516
-7941,2660,1730092841.6743982
-7846,2755,1730092841.716398
-7751,2850,1730092841.758399
-7656,2945,1730092841.8001976
-7561,3040,1730092841.841205
-7466,3135,1730092841.8832054
-7371,3230,1730092841.9242053
-7276,3325,1730092841.9652052
-7181,3420,1730092842.0072231
-7086,3515,1730092842.0482213
-6991,3610,1730092842.091222
-6896,3705,1730092842.1342218
-6801,3800,1730092842.1742218
-6706,3895,1730092842.2152212
-6613,3990,1730092842.2572217
-6518,4085,1730092842.2972224
-6613,3990,1730092842.340223
-6520,4085,1730092842.3822207
-6615,3990,1730092842.4252217
-6527,4085,1730092842.4662223
-6439,4180,1730092842.5082228
-6351,4275,1730092842.550221
-6265,4370,1730092842.590224
-6182,4465,1730092842.6332219
-6097,4560,1730092842.6742215
-6012,4655,1730092842.716223
-5926,4750,1730092842.7592218
-6021,4655,1730092842.7992241
-6116,4560,1730092842.839741
-6038,4655,1730092842.8817399
-6133,4560,1730092842.9237406
-6061,4655,1730092842.9647415
-5989,4750,1730092843.0067406
-5917,4845,1730092843.0487406
-6012,4750,1730092843.0907402
-5941,4845,1730092843.1337388
-5870,4940,1730092843.1737473
-5800,5035,1730092843.2157469
-5730,5130,1730092843.256747
-5661,5225,1730092843.2997475
-5596,5320,1730092843.340747
-5531,5415,1730092843.3827472
-5468,5510,1730092843.423747
-5407,5605,1730092843.4657483
-5347,5700,1730092843.5072691
-5288,5795,1730092843.549266
-5232,5890,1730092843.5902674
-5174,5985,1730092843.633266
-5116,6080,1730092843.673267
-5059,6175,1730092843.7142673
-5004,6270,1730092843.757267
-4954,6365,1730092843.798267
-4903,6460,1730092843.8402674
-4998,6365,1730092843.8812678
-4950,6460,1730092843.9242678
-4903,6555,1730092843.966267
-4859,6650,1730092844.0082674
-4816,6745,1730092844.0492678
-4773,6840,1730092844.0902674
-4732,6935,1730092844.1322682
-4827,6840,1730092844.173269
-4922,6745,1730092844.2152667
-5017,6650,1730092844.2582674
-5112,6555,1730092844.299268
-5079,6650,1730092844.341267
-5044,6745,1730092844.382269
-5011,6840,1730092844.4242678
-4980,6935,1730092844.4642668
-4948,7030,1730092844.5072663
-5043,6935,1730092844.5492673
-5138,6840,1730092844.5912664
-5233,6745,1730092844.6352673
-5328,6650,1730092844.6752682
-5423,6555,1730092844.7162678
-5518,6460,1730092844.7572668
-5613,6365,1730092844.7992678
-5708,6270,1730092844.8402681
-5803,6175,1730092844.8812683
-5898,6080,1730092844.924267
-5870,6175,1730092844.9652672
-5842,6270,1730092845.0072668
-5937,6175,1730092845.0492673
-5909,6270,1730092845.091267
-6004,6175,1730092845.1332672
-6099,6080,1730092845.173267
-6194,5985,1730092845.215268
-6289,5890,1730092845.2572665
-6384,5795,1730092845.3002675
-6479,5700,1730092845.3422673
-6574,5605,1730092845.3832662
-6669,5510,1730092845.4252672
-6764,5415,1730092845.4664378
-6859,5320,1730092845.507446
-6954,5225,1730092845.547446
-7049,5130,1730092845.5904462
-7144,5035,1730092845.6334465
-7239,4940,1730092845.6744459
-7221,5035,1730092845.7164469
-7316,4940,1730092845.7574458
-7297,5035,1730092845.79978
-7277,5130,1730092845.840787
-7259,5225,1730092845.883787
-7240,5320,1730092845.924787
-7222,5415,1730092845.9673257
-7204,5510,1730092846.007334
-7183,5605,1730092846.0503335
-7163,5700,1730092846.0903335
-7143,5795,1730092846.1323323
-7125,5890,1730092846.174852
-7107,5985,1730092846.2148519
-7202,5890,1730092846.257852
-7293,5795,1730092846.297854
-7276,5890,1730092846.3408518
-7260,5985,1730092846.3808527
-7244,6080,1730092846.4238517
-7230,6175,1730092846.4648516
-7216,6270,1730092846.5078518
-7205,6365,1730092846.548852
-7195,6460,1730092846.590852
-7290,6365,1730092846.6338537
-7280,6460,1730092846.6748514
-7270,6555,1730092846.7168531
-7260,6650,1730092846.7578518
-7250,6745,1730092846.7998521
-7240,6840,1730092846.840852
-7230,6935,1730092846.8828526
-7220,7030,1730092846.9248528
-7220,7125,1730092846.9658515
-7220,7220,1730092847.0058508
-7220,7315,1730092847.0478518
-7230,7410,1730092847.0899613
-7240,7505,1730092847.130971
-7250,7600,1730092847.172986
-7260,7695,1730092847.2149875
-7270,7790,1730092847.255984
-7280,7885,1730092847.2969847
-7290,7980,1730092847.339986
-7300,8075,1730092847.3829842
-7310,8170,1730092847.4249878
-7322,8265,1730092847.466455
-7333,8360,1730092847.5064626
-7345,8455,1730092847.5484622
-7358,8550,1730092847.5904624
-7373,8645,1730092847.6344624
-7389,8740,1730092847.6754625
-7405,8835,1730092847.7164626
-7421,8930,1730092847.7574625
-7438,9025,1730092847.7974622
-7455,9120,1730092847.8404624
-7473,9215,1730092847.8814623
-7492,9310,1730092847.9234624
-7512,9405,1730092847.9654636
-7533,9500,1730092848.0074775
-7557,9595,1730092848.048477
-7580,9690,1730092848.0924783
-7603,9785,1730092848.132477
-7624,9880,1730092848.1734767
-7645,9975,1730092848.2154768
-7668,10070,1730092848.2574763
-7691,10165,1730092848.298478
-7720,10260,1730092848.3404772
-7750,10355,1730092848.3824766
-7783,10450,1730092848.4234762
-7818,10545,1730092848.4654765
-7853,10640,1730092848.5074768
-7939,10545,1730092848.549477
-7970,10640,1730092848.5914762
-8053,10545,1730092848.6314776
-8148,10450,1730092848.6744766
-8185,10545,1730092848.7164776
-8267,10450,1730092848.7574763
-8306,10545,1730092848.8008888
-8346,10640,1730092848.8408985
-8441,10545,1730092848.8838983
-8522,10450,1730092848.9238985
-8617,10355,1730092848.9658995
-8712,10260,1730092849.0068984
-8794,10165,1730092849.0478985
-8872,10070,1730092849.0919006
-8912,10165,1730092849.1329043
-8953,10260,1730092849.174914
-9048,10165,1730092849.2149146
-9124,10070,1730092849.2579136
-9200,9975,1730092849.2986884
-9278,9880,1730092849.340699
-9354,9785,1730092849.3816962
-9449,9690,1730092849.4246967
-9490,9785,1730092849.4666967
-9585,9690,1730092849.508696
-9628,9785,1730092849.5486965
-9671,9880,1730092849.5916965
-9715,9975,1730092849.635698
-9759,10070,1730092849.6774058
-9804,10165,1730092849.7174134
-9848,10260,1730092849.7584155
-9892,10355,1730092849.7984142
-9937,10450,1730092849.840413
-9980,10545,1730092849.8834133
-10024,10640,1730092849.9244137
-10068,10735,1730092849.965414
-10112,10830,1730092850.0069332
-10159,10925,1730092850.0489333
-10209,11020,1730092850.090934
-10262,11115,1730092850.1309342
-10311,11210,1730092850.1739333
-10360,11305,1730092850.2139337
-10404,11400,1730092850.2569332
-10464,11305,1730092850.2969346
-10559,11210,1730092850.3409338
-10608,11305,1730092850.381934
-10703,11210,1730092850.423933
-10798,11115,1730092850.465817
-10854,11020,1730092850.5068245
-10906,11115,1730092850.5498245
-10958,11210,1730092850.5908241
-11009,11305,1730092850.6348264
-11060,11400,1730092850.6748247
-11116,11305,1730092850.7168248
-11176,11210,1730092850.757824
-11224,11305,1730092850.7997766
-11275,11210,1730092850.8407838
-11324,11305,1730092850.8817844
-11375,11400,1730092850.9237838
-11426,11495,1730092850.9637842
-11477,11590,1730092851.006784
-11528,11685,1730092851.0487835
-11574,11590,1730092851.090784
-11621,11685,1730092851.1327848
-11667,11780,1730092851.1757843
-11762,11685,1730092851.2167842
-11808,11780,1730092851.258784
-11855,11875,1730092851.300784
-11950,11780,1730092851.3417838
-11997,11875,1730092851.384312
-12046,11970,1730092851.4253104
-12141,11875,1730092851.4663107
-12192,11970,1730092851.507311
-12234,11875,1730092851.54831
-12283,11970,1730092851.5913105
-12327,12065,1730092851.6337328
-12370,12160,1730092851.6735137
-12417,12255,1730092851.7155137
-12512,12160,1730092851.7575152
-12557,12255,1730092851.7999692
-12652,12160,1730092851.8419771
-12699,12255,1730092851.8819916
-12748,12350,1730092851.9239922
-12774,12255,1730092851.9649918
-12815,12350,1730092852.006991
-12855,12445,1730092852.0469918
-12894,12540,1730092852.0919929
-12933,12635,1730092852.1319916
-12972,12730,1730092852.1739945
-13067,12635,1730092852.2149918
-13109,12730,1730092852.256993
-13152,12825,1730092852.2988057
-13194,12920,1730092852.3398519
-13236,13015,1730092852.3818514
-13276,13110,1730092852.4238515
-13298,13015,1730092852.466035
-13393,12920,1730092852.507044
-13428,13015,1730092852.5480433
-13465,13110,1730092852.5900445
-13500,13205,1730092852.6340437
-13537,13300,1730092852.675044
-13574,13395,1730092852.7150435
-13609,13490,1730092852.7570443
-13644,13585,1730092852.7980437
-13739,13490,1730092852.841044
-13834,13395,1730092852.8820431
-13868,13490,1730092852.9240434
-13963,13395,1730092852.9640436
-14058,13300,1730092853.007044
-14087,13395,1730092853.0480447
-14117,13490,1730092853.0900445
-14145,13585,1730092853.1310437
-14240,13490,1730092853.1740441
-14270,13585,1730092853.2160435
-14300,13680,1730092853.2580433
-14332,13775,1730092853.299044
-14427,13680,1730092853.3410437
-14522,13585,1730092853.3820584
-14543,13680,1730092853.4240587
-14567,13775,1730092853.465059
-14662,13680,1730092853.5070598
-14685,13775,1730092853.548058
-14707,13870,1730092853.5900586
-14728,13965,1730092853.6333542
-14749,14060,1730092853.673336
-14767,14155,1730092853.7143352
-14785,14250,1730092853.7593362
-14801,14345,1730092853.800335
-14896,14250,1730092853.8413353
-14991,14155,1730092853.8823354
-15086,14060,1730092853.924336
-15101,14155,1730092853.9643357
-15115,14250,1730092854.0073526
-15128,14345,1730092854.050352
-15139,14440,1730092854.0903523
-15150,14535,1730092854.1328158
-15161,14630,1730092854.1738505
-15171,14725,1730092854.2168505
-15181,14820,1730092854.256851
-15191,14915,1730092854.2978508
-15201,15010,1730092854.3408654
-15211,15105,1730092854.381866
-15221,15200,1730092854.4248652
-15231,15295,1730092854.4658647
-15241,15390,1730092854.5078664
-15251,15485,1730092854.5478659
-15261,15580,1730092854.5908673
-15271,15675,1730092854.6328661
-15281,15770,1730092854.6738665
-15291,15865,1730092854.7138662
-15301,15960,1730092854.7568655
-15301,16055,1730092854.7978659
-15301,16150,1730092854.839865
-15291,16245,1730092854.8818655
-15281,16340,1730092854.924867
-15271,16435,1730092854.965866
-15261,16530,1730092855.0078657
-15251,16625,1730092855.0498652
-15241,16720,1730092855.0908654
-15231,16815,1730092855.1323893
-15221,16910,1730092855.1733978
-15211,17005,1730092855.214397
-15199,16910,1730092855.2573977
-15189,17005,1730092855.2973964
-15179,17100,1730092855.3413966
-15169,17195,1730092855.381397
-15159,17290,1730092855.424397
-15149,17385,1730092855.465397
-15139,17480,1730092855.507397
-15128,17575,1730092855.5483968
-15116,17670,1730092855.5903971
-15099,17765,1730092855.6331558
-15081,17860,1730092855.6741638
-15063,17955,1730092855.7141783
-15046,18050,1730092855.7581778
-15032,18145,1730092855.7981791
-15016,18240,1730092855.8411767
-14999,18335,1730092855.8821788
-14981,18430,1730092855.9241788
-14963,18525,1730092855.964178
-14942,18620,1730092856.0071802
-14921,18715,1730092856.048177
-14898,18810,1730092856.0911787
-14875,18905,1730092856.1331735
-14852,19000,1730092856.1741154
-14830,19095,1730092856.2161155
-14807,19190,1730092856.2571158
-14782,19285,1730092856.2981157
-14755,19380,1730092856.3411305
-14725,19475,1730092856.3821309
-14695,19570,1730092856.425131
-14661,19665,1730092856.466452
-14629,19760,1730092856.5085347
-14604,19855,1730092856.5495336
-14575,19950,1730092856.5915334
-14565,19855,1730092856.6345336
-14555,19760,1730092856.6735346
-14523,19855,1730092856.7135332
-14486,19950,1730092856.7575347
-14449,20045,1730092856.799361
-14413,20140,1730092856.8403964
-14378,20235,1730092856.8813949
-14344,20330,1730092856.9243948
-14334,20235,1730092856.9653957
-14324,20140,1730092857.0073955
-14292,20235,1730092857.0483947
-14264,20330,1730092857.0913951
-14231,20425,1730092857.132395
-14192,20520,1730092857.1733956
-14153,20615,1730092857.2133949
-14115,20710,1730092857.2573957
-14074,20805,1730092857.2993948
-14064,20710,1730092857.3403955
-14054,20615,1730092857.3813949
-14043,20520,1730092857.4233959
-14004,20615,1730092857.464395
-13990,20520,1730092857.5073955
-13948,20615,1730092857.548395
-13910,20710,1730092857.5903957
-13870,20805,1730092857.632396
-13828,20900,1730092857.6743948
-13787,20995,1730092857.7143948
-13750,21090,1730092857.7573953
-13740,20995,1730092857.798836
-13750,20900,1730092857.840844
-13750,20805,1730092857.8828447
-13740,20710,1730092857.9238446
-13707,20805,1730092857.9658163
-13670,20900,1730092858.0078514
-13633,20995,1730092858.0488515
-13594,21090,1730092858.090852
-13552,21185,1730092858.1318514
-13542,21090,1730092858.1758518
-13532,20995,1730092858.2163742
-13522,20900,1730092858.258375
-13512,20805,1730092858.2997792
-13502,20710,1730092858.3405886
-13470,20805,1730092858.3815882
-13433,20900,1730092858.4235885
-13398,20995,1730092858.463588
-13364,21090,1730092858.5065887
-13331,21185,1730092858.5485883
-13298,21280,1730092858.590588
-13265,21375,1730092858.635587
-13255,21280,1730092858.6755888
-13221,21375,1730092858.7165883
-13188,21470,1730092858.7575881
-13178,21375,1730092858.7995882
-13148,21470,1730092858.8415883
-13118,21565,1730092858.8841076
-13088,21660,1730092858.924107
-13060,21755,1730092858.966153
-13031,21850,1730092859.0071607
-13009,21945,1730092859.0491602
-13019,21850,1730092859.0911605
-13029,21755,1730092859.13116
-13009,21850,1730092859.1751606
-12992,21945,1730092859.2161605
-12971,22040,1730092859.2571607
-12948,22135,1730092859.2991602
-12926,22230,1730092859.3411593
-12906,22325,1730092859.383177
-12886,22420,1730092859.4241755
-12869,22515,1730092859.4651766
-12854,22610,1730092859.5071752
-12843,22705,1730092859.548174
-12827,22800,1730092859.5911765
-12813,22895,1730092859.6331754
-12803,22800,1730092859.6741753
-12789,22895,1730092859.714176
-12776,22990,1730092859.7581758
-12765,23085,1730092859.7981763
-12755,23180,1730092859.8411744
-12745,23085,1730092859.8811755
-12735,23180,1730092859.924176
-12725,23275,1730092859.9671764
-12715,23370,1730092860.0071754
-12705,23465,1730092860.049177
-12695,23560,1730092860.090177
-12685,23655,1730092860.132176
-12675,23750,1730092860.1741762
-12665,23845,1730092860.2161758
-12655,23940,1730092860.2581758
-12645,24035,1730092860.2993417
-12645,24130,1730092860.3413491
-12655,24225,1730092860.3823493
-12665,24320,1730092860.4243488
-12665,24415,1730092860.4657357
-12675,24510,1730092860.5077453
-12685,24605,1730092860.5477452
-12695,24700,1730092860.589746
-12705,24795,1730092860.6297455
-12715,24890,1730092860.6737454
-12725,24985,1730092860.7157457
-12735,25080,1730092860.7577453
-12745,25175,1730092860.7994366
-12755,25270,1730092860.8414438
-12765,25365,1730092860.883444
-12775,25460,1730092860.9244437
-12785,25555,1730092860.9654438
-12795,25650,1730092861.0074437
-12806,25745,1730092861.050444
-12816,25840,1730092861.091444
-12826,25935,1730092861.1344433
-12837,26030,1730092861.174444
-12849,26125,1730092861.2154443
-12861,26220,1730092861.2594438
-12875,26315,1730092861.3014436
-12889,26410,1730092861.3431885
-12903,26504,1730092861.3841963
-12917,26596,1730092861.4251957
-12931,26687,1730092861.4651961
-12946,26778,1730092861.507196
-12960,26869,1730092861.549199
-12975,26960,1730092861.590201
-12992,27049,1730092861.6321998
-13010,27138,1730092861.674196
-13030,27226,1730092861.7151973
-13050,27314,1730092861.7591953
-13070,27398,1730092861.800196
-13092,27479,1730092861.8411958
-13113,27557,1730092861.881719
-13136,27631,1730092861.9247186
-13161,27706,1730092861.966378
-13186,27781,1730092862.0073814
-13213,27855,1730092862.0473824
-13241,27929,1730092862.091382
-13267,28005,1730092862.132747
-13294,28080,1730092862.1737564
-13319,28154,1730092862.2147574
-13344,28226,1730092862.2577567
-13367,28297,1730092862.299077
-13392,28364,1730092862.3410852
-13422,28430,1730092862.3810856
-13453,28497,1730092862.4240851
-13485,28561,1730092862.467087
-13518,28624,1730092862.5070853
-13553,28688,1730092862.5476062
-13587,28754,1730092862.5906055
-13621,28814,1730092862.6336064
-13655,28874,1730092862.6736064
-13690,28931,1730092862.7126067
-13729,28987,1730092862.869605
-13770,29041,1730092862.9116066
-13811,29088,1730092863.0296052
-13854,29134,1730092863.0716066
-13898,29181,1730092863.1136062
-13940,29228,1730092863.1936054
-13984,29277,1730092863.234608
-14033,29322,1730092863.3136065
-14086,29371,1730092863.3566062
-14139,29416,1730092863.396606
-14189,29460,1730092863.4386072
-14238,29508,1730092863.4796064
-14287,29554,1730092863.5246062
-14339,29595,1730092863.5646067
-14390,29636,1730092863.6066072
-14441,29677,1730092863.6466053
-14491,29723,1730092863.6906066
-14551,29765,1730092863.810606
-14611,29809,1730092863.8506067
-14672,29847,1730092864.0906072
-14738,29885,1730092864.1736057
-14808,29926,1730092864.2156053
-14880,29965,1730092864.2576067
-14949,30009,1730092864.3416069
-15019,30044,1730092864.3836074
-15096,30080,1730092864.578607
-15175,30116,1730092864.626605
-15252,30155,1730092864.6696076
-15331,30192,1730092864.708606
-15406,30232,1730092864.7496068
-15480,30274,1730092864.7916064
-15555,30309,1730092864.9103875
-15633,30345,1730092864.9523978
-15714,30381,1730092864.993397
-15799,30416,1730092865.036397
-15885,30451,1730092865.076397
-15968,30486,1730092865.118397
-16047,30525,1730092865.1981437
-16133,30555,1730092865.2411516
-16214,30586,1730092865.2831514
-16301,30616,1730092865.324151
-16393,30646,1730092865.4441514
-16486,30677,1730092865.484151
-16573,30709,1730092865.525151
-16664,30741,1730092865.5658543
-16754,30771,1730092865.6091976
-16838,30799,1730092865.7261956
-16922,30826,1730092865.769195
-17009,30854,1730092865.8091955
-17099,30880,1730092865.8511953
-17189,30908,1730092865.8901973
-17278,30936,1730092865.9324632
-17367,30966,1730092865.9744701
-17451,30995,1730092866.015495
-17537,31023,1730092866.057496
-17621,31050,1730092866.0986285
-17705,31077,1730092866.1406367
-17789,31103,1730092866.1816397
-17875,31128,1730092866.224637
-17963,31153,1730092866.2646372
-18051,31178,1730092866.3076365
-18140,31203,1730092866.3496368
-18227,31229,1730092866.3916368
-18312,31256,1730092866.4326367
-18394,31283,1730092866.4746377
-18476,31310,1730092866.5576365
-18557,31335,1730092866.600637
-18639,31360,1730092866.6426365
-18724,31385,1730092866.683637
-18805,31414,1730092866.7246366
-18887,31441,1730092866.767637
-18971,31467,1730092866.8076375
-19056,31492,1730092866.8486538
-19137,31520,1730092866.8916545
-19214,31546,1730092866.9346533
-19292,31572,1730092866.9736533
-19368,31598,1730092867.0136526
-19447,31623,1730092867.0576544
-19526,31646,1730092867.0986538
-19610,31676,1730092867.1416545
-19690,31703,1730092867.1816623
-19769,31728,1730092867.223654
-19850,31756,1730092867.263654
-19924,31781,1730092867.3456564
-19996,31805,1730092867.4266536
-20066,31832,1730092867.4676542
-20136,31857,1730092867.509645
-20212,31887,1730092867.5506537
-20287,31915,1730092867.592655
-20361,31946,1730092867.6336544
-20435,31978,1730092867.675655
-20502,32013,1730092867.7566543
-20566,32050,1730092867.797656
-20636,32078,1730092867.8416567
-20706,32109,1730092867.8816545
-20776,32140,1730092867.924655
-20846,32173,1730092867.9654503
-20915,32207,1730092868.0084598
-20983,32242,1730092868.0484586
-21053,32278,1730092868.0914583
-21121,32317,1730092868.1318648
-21186,32354,1730092868.174874
-21249,32389,1730092868.2148726
-21312,32426,1730092868.2958722
-21378,32464,1730092868.3409128
-21440,32502,1730092868.3829143
-21503,32539,1730092868.4249127
-21568,32578,1730092868.465638
-21630,32617,1730092868.5076485
-21691,32657,1730092868.548648
-21751,32696,1730092868.5916486
-21809,32737,1730092868.631777
-21863,32778,1730092868.6756585
-21920,32817,1730092868.7166657
-21975,32860,1730092868.7576656
-22033,32901,1730092868.799062
-22087,32943,1730092868.8410695
-22143,32983,1730092868.8820696
-22201,33026,1730092868.9250696
-22257,33068,1730092868.9650686
-22310,33112,1730092869.0080702
-22364,33154,1730092869.0490694
-22415,33196,1730092869.0910697
-22464,33238,1730092869.1310697
-22508,33284,1730092869.175071
-22551,33328,1730092869.2170694
-22598,33370,1730092869.2580695
-22644,33412,1730092869.3010695
-22693,33455,1730092869.3410711
-22742,33499,1730092869.3820698
-22789,33542,1730092869.4260695
-22832,33585,1730092869.4680717
-22874,33627,1730092869.5096016
-22916,33667,1730092869.5506098
-22955,33711,1730092869.5936084
-22995,33752,1730092869.63861
-23036,33792,1730092869.680609
-23078,33834,1730092869.7236097
-23119,33875,1730092869.7654896
-23158,33918,1730092869.808498
-23200,33962,1730092869.8484979
-23239,34006,1730092869.8924983
-23277,34050,1730092869.9334981
-23312,34092,1730092869.975498
-23347,34134,1730092870.0164979
-23380,34176,1730092870.0584974
-23412,34220,1730092870.1004987
-23444,34264,1730092870.1404986
-23475,34306,1730092870.1820214
-23505,34350,1730092870.22402
-23537,34394,1730092870.2660193
-23568,34438,1730092870.3080196
-23600,34480,1730092870.3490214
-23628,34525,1730092870.3910196
-23654,34571,1730092870.4330204
-23679,34620,1730092870.4760432
-23700,34666,1730092870.5170512
-23724,34710,1730092870.5570517
-23747,34754,1730092870.598051
-23769,34799,1730092870.6410513
-23793,34845,1730092870.681066
-23816,34891,1730092870.725066
-23837,34937,1730092870.807066
-23856,34981,1730092870.849066
-23874,35028,1730092870.8920658
-23892,35073,1730092870.934067
-23911,35115,1730092870.9740665
-23930,35161,1730092871.015066
-23948,35208,1730092871.0580676
-23964,35254,1730092871.0980656
-23981,35302,1730092871.1410668
-23998,35351,1730092871.1810682
-24013,35399,1730092871.224066
-24027,35446,1730092871.2650654
-24037,35502,1730092871.308066
-24047,35550,1730092871.3910666
-24057,35599,1730092871.434066
-24067,35649,1730092871.474067
-24077,35698,1730092871.5150657
-24087,35746,1730092871.5580654
-24097,35795,1730092871.5980673
-24107,35841,1730092871.7210653
-24117,35886,1730092871.7610652
-24127,35935,1730092871.8020642
-24137,35981,1730092871.842838
-24137,36029,1730092871.8853185
-24137,36080,1730092871.9243267
-24147,36130,1730092871.967327
-24157,36180,1730092872.0083277
-24167,36229,1730092872.0493264
-24177,36281,1730092872.0913267
-24187,36331,1730092872.131832
-24177,36379,1730092872.2118392
-24167,36432,1730092872.252839
-24157,36484,1730092872.2928395
-24147,36537,1730092872.3328395
-24137,36588,1730092872.3749561
-24127,36640,1730092872.4149644
-24117,36695,1730092872.4579642
-24107,36746,1730092872.4979641
-24097,36803,1730092872.5769649
-24087,36856,1730092872.6199636
-24077,36912,1730092872.6619647
-24067,36964,1730092872.7029796
-24057,37019,1730092872.7829783
-24047,37073,1730092872.8249798
-24037,37127,1730092872.8659797
-24027,37180,1730092872.9082508
-24017,37231,1730092872.9912593
-24006,37287,1730092873.0742595
-23995,37343,1730092873.1152728
-23984,37399,1730092873.1572733
-23971,37455,1730092873.1977878
-23959,37512,1730092873.2408228
-23948,37570,1730092873.2818224
-23938,37627,1730092873.3238232
-23927,37682,1730092873.364822
-23915,37738,1730092873.4078226
-23900,37792,1730092873.447838
-23886,37846,1730092873.4918385
-23865,37899,1730092873.5318384
-23840,37964,1730092873.9678385
-23810,38029,1730092874.007838
-23780,38097,1730092874.049838
-23752,38167,1730092874.0908377
-23725,38235,1730092874.1328373
-23697,38306,1730092874.1748374
-23669,38373,1730092874.214838
-23644,38441,1730092874.2588372
-23616,38510,1730092874.299838
-23585,38577,1730092874.341838
-23555,38648,1730092874.3818376
-23524,38718,1730092874.4248405
-23493,38787,1730092874.4652717
-23464,38855,1730092874.50904
-23434,38925,1730092874.5500476
-23402,38992,1730092874.5910478
-23367,39062,1730092874.6330476
-23332,39130,1730092874.7120476
-23295,39197,1730092874.7550492
-23255,39265,1730092874.7950478
-23216,39333,1730092874.8390481
-23177,39401,1730092874.8800476
-23140,39468,1730092874.922048
-23101,39539,1730092874.9642632
-23058,39606,1730092875.046272
-23014,39673,1730092875.089273
-22970,39740,1730092875.1292715
-22924,39809,1730092875.172273
-22879,39878,1730092875.2127943
-22835,39945,1730092875.2557936
-22787,40007,1730092875.451794
-22738,40074,1730092875.4927933
-22685,40141,1730092875.532795
-22632,40208,1730092875.5758703
-22582,40277,1730092875.6168363
-22528,40342,1730092875.8578463
-22475,40411,1730092875.8971806
-22420,40478,1730092875.9391894
-22364,40546,1730092875.980189
-22306,40616,1730092876.0221894
-22251,40677,1730092876.2971904
-22193,40743,1730092876.3411899
-22134,40811,1730092876.3831894
-22076,40878,1730092876.4241898
-22020,40945,1730092876.464731
-21969,41014,1730092876.7451975
-21915,41081,1730092876.7881973
-21859,41148,1730092876.8301964
-21801,41214,1730092876.8721974
-21745,41280,1730092877.891197
-21690,41345,1730092877.9331975
-21636,41411,1730092877.974198
-21579,41478,1730092878.0151963
-21523,41543,1730092878.058197
-21465,41605,1730092878.1411967
-21415,41668,1730092878.341197
-21365,41727,1730092878.5411975
-21316,41786,1730092878.9422123
-21267,41846,1730092879.1412115
-21219,41904,1730092879.182211
-21172,41966,1730092879.2643268
-21123,42021,1730092879.661337
-21076,42077,1730092879.7033365
-21034,42137,1730092880.4913518
-20988,42188,1730092880.5743535
-20944,42241,1730092880.618353
-20900,42292,1730092880.659355
-20858,42345,1730092881.0163567
-20819,42394,1730092881.295352
-20780,42445,1730092881.33835
-20743,42494,1730092881.4973514
-20704,42538,1730092881.6553526
-20664,42582,1730092881.8913517
-20627,42629,1730092882.287353
-20590,42675,1730092882.4083517
-20553,42721,1730092882.449354
-20516,42765,1730092882.5303512
-20479,42807,1730092882.6123533
-20443,42850,1730092882.6553502
-20406,42889,1730092882.7747667
-20376,42935,1730092883.2089128
-20345,42981,1730092883.4094887
-20310,43017,1730092883.5675042
-20275,43052,1730092883.8465066
-20243,43091,1730092884.2025044
-20209,43108,1730092933.3286753
-20176,43127,1730092933.7709517
-20145,43151,1730092935.0811863
-20113,43173,1730092935.6799455
-20075,43189,1730092946.0795166
-20039,43205,1730092946.5925193
-19997,43215,1730092947.1468945
-19958,43228,1730092947.1899033
-19926,43239,1730092949.017469
-19898,43253,1730092949.0604684
-19869,43263,1730092949.1014678
-19839,43273,1730092949.4189875
-19809,43283,1730092949.4599872
-19783,43294,1730092949.7819877
-19757,43304,1730092950.0979874
-19734,43314,1730092950.1799872
-19709,43324,1730092950.4609873
-19688,43334,1730092950.5029871
-19667,43344,1730092950.542986
-19645,43354,1730092950.8259876
-19624,43364,1730092951.186988
-19602,43374,1730092951.227988
-19582,43384,1730092951.2689867
-19562,43384,1730092951.308986
-19544,43394,1730092951.3929875
-19526,43404,1730092951.5529876
-19508,43404,1730092951.593988
-19492,43394,1730092951.6749883
-19477,43394,1730092951.8379867
-19464,43384,1730092951.8785949
-19447,43374,1730092951.92101
-19429,43364,1730092951.9610097
-19411,43354,1730092952.0030093
-19395,43344,1730092952.0830095
-19379,43334,1730092952.2810097
-19363,43324,1730092952.3247368
-19345,43314,1730092952.3647475
-19328,43304,1730092952.6453137
-19309,43293,1730092953.0464365
-19290,43283,1730092953.0864468
-19268,43272,1730092953.1274452
-19246,43258,1730092953.486446
-19223,43245,1730092953.527446
-19199,43231,1730092953.8104453
-19171,43215,1730092953.8524454
-19143,43195,1730092954.1764455
-19114,43175,1730092954.2594454
-19079,43153,1730092954.6164453
-19044,43132,1730092954.6594453
-19009,43109,1730092954.979965
-18967,43089,1730092955.1399674
-18928,43067,1730092955.2199657
-18885,43045,1730092955.261968
-18843,43023,1730092955.303965
-18797,43002,1730092955.4259675
-18753,42979,1730092955.5879664
-18707,42954,1730092955.6299658
-18661,42926,1730092955.6739647
-18618,42895,1730092955.7159662
-18574,42865,1730092955.7599685
-18530,42837,1730092955.843967
-18486,42809,1730092955.8869667
-18441,42781,1730092955.9299667
-18395,42752,1730092955.9709687
-18352,42720,1730092956.0134785
-18308,42688,1730092956.0554862
-18263,42656,1730092956.0964868
-18220,42626,1730092956.2974865
-18176,42596,1730092956.3404875
-18131,42564,1730092956.3824866
-18086,42531,1730092956.426486
-18040,42495,1730092956.4674876
-17994,42460,1730092956.5104866
-17950,42427,1730092956.5510077
-17904,42393,1730092956.5940075
-17855,42361,1730092956.6370077
-17807,42329,1730092956.677008
-17764,42296,1730092956.7190075
-17722,42261,1730092956.760007
-17679,42226,1730092956.8010068
-17636,42189,1730092956.9220076
-17594,42153,1730092956.9640071
-17555,42117,1730092957.0080082
-17516,42082,1730092957.0490072
-17475,42043,1730092957.1700082
-17436,42004,1730092957.211007
-17395,41963,1730092957.2520082
-17357,41924,1730092957.2930067
-17315,41882,1730092957.3770094
-17276,41843,1730092957.4180095
-17236,41806,1730092957.4970107
-17194,41767,1730092957.5380108
-17154,41728,1730092957.579007
-17115,41684,1730092957.6210077
-17076,41639,1730092957.663011
-17038,41595,1730092957.7050061
-17006,41552,1730092957.74701
-16971,41509,1730092957.7880082
-16936,41468,1730092957.9490123
-16901,41424,1730092957.992006
-16864,41377,1730092958.0347304
-16833,41328,1730092958.0780125
-16803,41279,1730092958.1980207
-16772,41230,1730092958.2801347
-16743,41179,1730092958.4001472
-16713,41129,1730092958.4431605
-16682,41076,1730092958.48516
-16650,41020,1730092958.5271595
-16621,40965,1730092958.770159
-16593,40905,1730092958.8111598
-16561,40846,1730092958.85116
-16533,40787,1730092958.8931599
-16503,40727,1730092958.974159
-16476,40664,1730092959.058159
-16443,40605,1730092959.1001592
-16412,40545,1730092959.1431599
-16383,40478,1730092959.1851604
-16357,40412,1730092959.2271602
-16331,40342,1730092959.2687335
-16307,40273,1730092959.3097417
-16284,40203,1730092959.3507552
-16259,40137,1730092959.393756
-16234,40070,1730092959.435755
-16210,40005,1730092959.4767535
-16185,39937,1730092959.517755
-16162,39870,1730092959.5977547
-16139,39805,1730092959.6417565
-16116,39737,1730092959.6827567
-16098,39671,1730092959.7267556
-16074,39605,1730092959.767385
-16056,39540,1730092959.8104265
-16038,39477,1730092959.8509455
-16017,39415,1730092959.8929453
-15995,39353,1730092959.9769468
-15972,39288,1730092960.0189457
-15953,39223,1730092960.0599456
-15933,39158,1730092960.1029475
-15914,39093,1730092960.1429446
-15897,39028,1730092960.1859465
-15883,38963,1730092960.2269456
-15870,38897,1730092960.268949
-15856,38832,1730092960.3099458
-15841,38767,1730092960.3509457
-15827,38702,1730092960.3939462
-15811,38635,1730092960.435945
-15716,38541,1730092960.47839
-15706,38470,1730092960.5193977
-15695,38400,1730092960.5613992
-15683,38330,1730092960.6043975
-15673,38260,1730092960.6463974
-15663,38193,1730092960.688398
-15653,38127,1730092960.7303975
-15643,38061,1730092960.7713974
-15633,37994,1730092960.8133976
-15623,37925,1730092960.8543975
-15613,37857,1730092960.8963978
-15603,37788,1730092960.9383981
-15593,37720,1730092960.979078
-15583,37648,1730092961.0190876
-15573,37576,1730092961.0600867
-15563,37506,1730092961.1000865
-15553,37438,1730092961.1430876
-15543,37368,1730092961.1840863
-15533,37301,1730092961.2260873
-15523,37234,1730092961.2690878
-15533,37167,1730092961.3100867
-15543,37100,1730092961.3520865
-15553,37031,1730092961.3940864
-15563,36959,1730092961.436087
-15573,36889,1730092961.4780874
-15583,36821,1730092961.5190887
-15593,36754,1730092961.5600867
-15603,36689,1730092961.601088
-15613,36624,1730092961.645086
-15623,36557,1730092961.6870892
-15633,36487,1730092961.7270875
-15643,36417,1730092961.8110867
-15653,36347,1730092961.8520865
-15663,36282,1730092961.8940868
-15674,36216,1730092961.9352694
-15684,36149,1730092961.9772773
-15695,36082,1730092962.0172772
-15710,36012,1730092962.0602777
-15730,35942,1730092962.1022768
-15635,35854,1730092962.144277
-15653,35785,1730092962.1862772
-15673,35718,1730092962.2272773
-15692,35653,1730092962.2692778
-15709,35586,1730092962.3102767
-15729,35519,1730092962.3522775
-15749,35451,1730092962.3932772
-15770,35383,1730092962.4352787
-15793,35316,1730092962.4772773
-15817,35247,1730092962.518277
-15842,35177,1730092962.5992777
-15869,35109,1730092962.6432776
-15897,35044,1730092962.6862953
-15922,34977,1730092962.7272952
-15947,34911,1730092962.769296
-15972,34844,1730092962.8092957
-16000,34777,1730092962.8512964
-16028,34707,1730092962.8932955
-16057,34632,1730092962.9772954
-16089,34562,1730092963.0172956
-16120,34490,1730092963.0602949
-16152,34417,1730092963.1022944
-16185,34346,1730092963.1446097
-16220,34272,1730092963.225651
-16257,34200,1730092963.2665644
-16297,34128,1730092963.307672
-16340,34058,1730092963.348673
-16382,33986,1730092963.393672
-16422,33916,1730092963.434388
-16461,33844,1730092963.476422
-16503,33774,1730092963.5174396
-16545,33703,1730092963.560438
-16587,33634,1730092963.603438
-16631,33565,1730092963.6854384
-16677,33496,1730092963.7274392
-16722,33427,1730092963.7704391
-16766,33356,1730092963.8127358
-16812,33285,1730092963.854744
-16857,33215,1730092963.8967445
-16901,33147,1730092963.9377437
-16945,33080,1730092963.977744
-16991,33014,1730092964.0197434
-17040,32947,1730092964.0597444
-17089,32879,1730092964.100894
-17139,32812,1730092964.1439097
-17188,32746,1730092964.263922
-17237,32678,1730092964.3069174
-17282,32607,1730092964.3479176
-17333,32541,1730092964.3889177
-17385,32475,1730092964.4309177
-17441,32410,1730092964.473918
-17493,32345,1730092964.5149188
-17547,32279,1730092964.5599182
-17598,32213,1730092964.6029186
-17647,32144,1730092964.6448956
-17696,32074,1730092964.7269044
-17747,32010,1730092964.847905
-17803,31945,1730092964.8889048
-17857,31880,1730092964.9299035
-17913,31815,1730092964.9709044
-17966,31749,1730092965.0119033
-18019,31679,1730092965.0529037
-18070,31607,1730092965.0939038
-18121,31537,1730092965.1348233
-18177,31472,1730092965.1775122
-18231,31406,1730092965.2178543
-18285,31340,1730092965.2598548
-18340,31274,1730092965.3028557
-18392,31206,1730092965.3438568
-18440,31139,1730092965.424854
-18489,31072,1730092965.467577
-18542,31007,1730092965.5475872
-18593,30946,1730092965.5905867
-18642,30881,1730092965.6315873
-18695,30817,1730092965.6765876
-18748,30754,1730092965.7175877
-18797,30691,1730092965.7615871
-18847,30628,1730092965.8015878
-18896,30565,1730092965.8455877
-18950,30503,1730092965.8855875
-19001,30441,1730092965.9265876
-19047,30379,1730092965.9685876
-19097,30317,1730092966.0103245
-19148,30255,1730092966.0523555
-19199,30195,1730092966.094355
-19248,30133,1730092966.135354
-19293,30073,1730092966.1779013
-19338,30013,1730092966.2179108
-19383,29956,1730092966.2995265
-19429,29898,1730092966.3415644
-19474,29837,1730092966.3825657
-19520,29779,1730092966.4255648
-19566,29722,1730092966.466565
-19612,29666,1730092966.5117486
-19657,29608,1730092966.5527563
-19701,29552,1730092966.674277
-19745,29499,1730092966.7162776
-19786,29444,1730092966.7602766
-19828,29388,1730092966.8012772
-19870,29335,1730092966.8432767
-19911,29279,1730092966.8852773
-19950,29226,1730092966.927279
-19989,29175,1730092966.9702773
-20028,29123,1730092967.0892758
-20067,29070,1730092967.1302774
-20104,29022,1730092967.1712778
-20140,28972,1730092967.2123187
-20178,28921,1730092967.2523258
-20218,28869,1730092967.2933414
-20257,28816,1730092967.3353422
-20298,28763,1730092967.3771553
-20338,28710,1730092967.4201787
-20377,28661,1730092967.460179
-20412,28615,1730092967.502179
-20447,28569,1730092967.5439029
-20481,28523,1730092967.5849128
-20516,28476,1730092967.6279128
-20551,28430,1730092967.6699128
-20582,28386,1730092967.7879133
-20612,28340,1730092967.828913
-20640,28296,1730092967.869913
-20669,28252,1730092967.9115489
-20699,28208,1730092967.95156
-20729,28165,1730092967.9935594
-20761,28116,1730092968.0344
-20788,28071,1730092968.1144087
-20813,28029,1730092968.158409
-20840,27984,1730092968.199275
-20863,27938,1730092968.2438056
-20886,27894,1730092968.2848065
-20909,27848,1730092968.3268049
-20932,27802,1730092968.367806
-20956,27757,1730092968.410806
-20977,27711,1730092968.493806
-20996,27665,1730092968.534808
-21018,27621,1730092968.5779831
-21036,27578,1730092968.6209915
-21054,27536,1730092968.6599908
-21075,27493,1730092968.700486
-21096,27450,1730092968.743625
-21114,27405,1730092968.7846327
-21130,27361,1730092968.8636324
-21148,27321,1730092968.905632
-21164,27281,1730092968.946632
-21178,27244,1730092968.9876337
-21193,27205,1730092969.028633
-21209,27163,1730092969.0706325
-21220,27133,1730092969.2706323
-21231,27095,1730092969.3116322
-21241,27060,1730092969.3536322
-21251,27021,1730092969.394633
-21263,26978,1730092969.4376316
-21274,26936,1730092969.6376493
-21285,26896,1730092969.6776493
-21295,26856,1730092969.7176502
-21306,26817,1730092969.7596493
-21316,26778,1730092969.799694
-21326,26736,1730092969.9247043
-21336,26697,1730092970.0087035
-21346,26658,1730092970.0502245
-21356,26619,1730092970.0922258
-21366,26579,1730092970.1345637
-21376,26544,1730092970.1755753
-21386,26507,1730092970.4145894
-21396,26472,1730092970.4555917
-21406,26434,1730092970.6955893
-21406,26397,1730092970.7375908
-21396,26360,1730092970.7775908
-21386,26321,1730092970.81959
-21376,26284,1730092970.9766045
-21366,26245,1730092971.0186043
-21356,26209,1730092971.0596042
-21346,26172,1730092971.099603
-21336,26137,1730092971.1426036
-21325,26102,1730092971.4176044
-21312,26069,1730092971.4596055
-21295,26039,1730092971.5007963
-21275,26009,1730092971.8198042
-21256,25981,1730092971.8613238
-21235,25948,1730092971.9823244
-21210,25920,1730092972.1446679
-21184,25892,1730092972.1866755
-21160,25866,1730092972.2266908
-21132,25836,1730092972.3856907
-21104,25808,1730092972.4646902
-21074,25783,1730092972.5096893
-21044,25759,1730092972.5496914
-21015,25736,1730092972.7126899
-20984,25711,1730092972.7916908
-20952,25689,1730092972.8335626
-20915,25668,1730092972.8766015
-20883,25649,1730092972.9175985
-20850,25629,1730092973.0786
-20817,25608,1730092973.118599
-20786,25592,1730092973.1585994
-20753,25575,1730092973.1996
-20718,25562,1730092973.2415986
-20684,25546,1730092973.4015987
-20649,25532,1730092973.5205996
-20612,25521,1730092973.5595987
-20575,25511,1730092973.6005988
-20538,25500,1730092973.643601
-20504,25486,1730092973.7265992
-20469,25476,1730092973.7658968
-20431,25466,1730092973.887904
-20391,25456,1730092973.9289036
-20354,25446,1730092973.9719036
-20317,25436,1730092974.1309044
-20275,25426,1730092974.2489698
-20232,25416,1730092974.2889698
-20191,25406,1730092974.3299713
-20150,25396,1730092974.4889698
-20108,25386,1730092974.5289698
-20064,25376,1730092974.5709696
-20020,25366,1730092974.6129694
-19977,25356,1730092974.6559699
-19934,25346,1730092974.931969
-19891,25336,1730092974.9739697
-19848,25326,1730092975.014969
-19808,25316,1730092975.0939689
-19769,25306,1730092975.1359699
-19722,25296,1730092975.2949693
-19679,25296,1730092975.3379698
-19637,25286,1730092975.4584904
-19596,25276,1730092975.5014884
-19552,25266,1730092975.5814886
-19507,25256,1730092975.6274886
-19463,25246,1730092975.6674874
-19422,25236,1730092975.7494879
-19380,25226,1730092975.7934878
-19338,25216,1730092975.8334882
-19294,25206,1730092975.9154885
-19250,25196,1730092975.9604886
-19206,25186,1730092976.0014884
-19162,25176,1730092976.0441592
-19120,25166,1730092976.2441785
-19072,25156,1730092976.285187
-19026,25166,1730092976.3271866
-18978,25166,1730092976.3701868
-18929,25166,1730092976.6072023
-18879,25166,1730092976.6502037
-18831,25166,1730092976.6942046
-18777,25156,1730092976.7362058
-18730,25156,1730092976.8982024
-18679,25146,1730092976.9392025
-18626,25156,1730092976.9812021
-18575,25166,1730092977.0232024
-18524,25176,1730092977.0656936
-18474,25176,1730092977.1467352
-18425,25176,1730092977.1879923
-18376,25186,1730092977.2680006
-18324,25196,1730092977.3109994
-18273,25206,1730092977.3510015
-18223,25216,1730092977.3930006
-18177,25226,1730092977.5560026
-18129,25236,1730092977.5960002
-18078,25246,1730092977.6390007
-18027,25256,1730092977.6800005
-17974,25266,1730092977.7223172
-17921,25276,1730092977.9613385
-17868,25289,1730092978.0023396
-17813,25302,1730092978.0443392
-17759,25312,1730092978.08634
-17708,25322,1730092978.2463398
-17653,25336,1730092978.288446
-17595,25350,1730092978.3274822
-17538,25363,1730092978.368482
-17483,25377,1730092978.4104824
-17424,25393,1730092978.6514819
-17364,25407,1730092978.6934843
-17306,25421,1730092978.7334816
-17246,25431,1730092978.777403
-17188,25441,1730092978.9374115
-17128,25453,1730092978.977412
-17069,25467,1730092979.0184124
-17008,25481,1730092979.0604122
-16946,25496,1730092979.1014118
-16885,25507,1730092979.2209332
-16830,25518,1730092979.3009326
-16773,25529,1730092979.3439326
-16715,25540,1730092979.3849332
-16656,25553,1730092979.426933
-16603,25563,1730092979.5859323
-16547,25573,1730092979.629947
-16491,25583,1730092979.6709473
-16433,25593,1730092979.7129464
-16373,25603,1730092979.7551942
-16317,25613,1730092979.9592023
-16264,25623,1730092979.9992018
-16211,25623,1730092980.0439868
-16158,25623,1730092980.0849955
-16102,25623,1730092980.126995
-16050,25633,1730092980.2885337
-15999,25643,1730092980.3285413
-15948,25643,1730092980.369542
-15898,25643,1730092980.4095428
-15846,25633,1730092980.452541
-15791,25623,1730092980.4945416
-15741,25613,1730092980.5365417
-15694,25613,1730092980.6605418
-15644,25613,1730092980.7025414
-15598,25603,1730092980.7435417
-15549,25603,1730092980.7845411
-15500,25593,1730092980.8275409
-15457,25593,1730092980.985541
-15412,25583,1730092981.026543
-15374,25573,1730092981.067542
-15332,25563,1730092981.1105425
-15287,25553,1730092981.1525419
-15241,25543,1730092981.1950614
-15196,25533,1730092981.2360618
-15155,25523,1730092981.3600612
-15113,25513,1730092981.4010615
-15072,25503,1730092981.4450614
-15033,25493,1730092981.4870615
-14992,25483,1730092981.527063
-14953,25473,1730092981.569062
-14920,25463,1730092981.6500618
-14883,25453,1730092981.6930614
-14850,25443,1730092981.7340631
-14820,25433,1730092981.7770615
-14788,25423,1730092981.8180618
-14756,25413,1730092981.8600616
-14721,25403,1730092981.9010615
-14688,25393,1730092981.9450629
-14660,25383,1730092982.0670617
-14628,25373,1730092982.1100616
-14598,25363,1730092982.1520617
-14567,25353,1730092982.1940618
-14536,25343,1730092982.235061
-14505,25333,1730092982.277833
-14474,25323,1730092982.3180697
-14446,25313,1730092982.3600705
-14418,25303,1730092982.4020698
-14386,25293,1730092982.4450698
-14356,25283,1730092982.4860718
-14330,25273,1730092982.5290694
-14305,25263,1730092982.5700696
-14278,25253,1730092982.6130695
-14252,25243,1730092982.6540694
-14221,25233,1730092982.6950696
-14196,25223,1730092982.8580859
-14171,25223,1730092982.9000902
-14146,25213,1730092982.9431007
-14120,25203,1730092982.9851022
-14095,25193,1730092983.028102
-14072,25183,1730092983.111101
-14049,25173,1730092983.151102
-14029,25163,1730092983.1941025
-14009,25153,1730092983.2361019
-13988,25143,1730092983.2773085
-13967,25133,1730092983.3202074
-13948,25123,1730092983.560216
-13930,25113,1730092983.6022162
-13912,25103,1730092983.6452157
-13893,25093,1730092983.6852162
-13876,25083,1730092983.7272162
-13861,25073,1730092983.88923
-13845,25063,1730092983.9292316
-13829,25053,1730092983.9712327
-13815,25043,1730092984.0112329
-13802,25033,1730092984.0522337
-13790,25023,1730092984.094233
-13776,25013,1730092984.135234
-13763,25003,1730092984.215231
-13752,24993,1730092984.2592342
-13739,24983,1730092984.2992334
-13728,24973,1730092984.3442328
-13716,24963,1730092984.3852332
-13706,24953,1730092984.4272316
-13696,24943,1730092984.4692323
-13686,24933,1730092984.510774
-13675,24923,1730092984.5527813
-13665,24913,1730092984.6337833
-13655,24903,1730092984.6771934
-13645,24893,1730092984.7202024
-13635,24883,1730092984.7602012
-13625,24873,1730092984.8012009
-13615,24863,1730092984.8432007
-13605,24853,1730092984.8862011
-13594,24843,1730092984.9277222
-13581,24833,1730092984.9687235
-13571,24823,1730092985.012723
-13561,24823,1730092985.0547235
-13551,24823,1730092985.0957232
-13541,24813,1730092985.1367228
-13531,24813,1730092985.1787226
-13521,24803,1730092985.2187223
-13511,24793,1730092985.260723
-13501,24783,1730092985.3027232
-13406,24688,1730092985.343723
-13396,24678,1730092985.3847232
-13386,24678,1730092985.4277244
-13376,24678,1730092985.5097215
-13281,24583,1730092985.5937226
-13271,24593,1730092985.636722
-13261,24593,1730092985.7147222
-13166,24498,1730092985.757723
-13156,24508,1730092985.7977233
-13166,24518,1730092985.8787231
-13176,24528,1730092985.9197237
-13186,24538,1730092985.9597228
-13196,24548,1730092986.0442927
-13196,24558,1730092986.0869691
-13101,24463,1730092986.1269774
-13111,24473,1730092986.1689775
-13121,24483,1730092986.2109776
-13131,24493,1730092986.2519774
-13141,24503,1730092986.2939775
-13151,24513,1730092986.3349779
-13161,24523,1730092986.4529774
-13171,24533,1730092986.493978
-13181,24543,1730092986.5339777
-13191,24553,1730092986.5769775
-13203,24563,1730092986.620818
-13216,24574,1730092986.6608253
-13229,24584,1730092986.702826
-13240,24595,1730092986.7438252
-13251,24605,1730092986.7858253
-13261,24615,1730092986.8648412
-13273,24625,1730092986.9058406
-13283,24635,1730092986.9458416
-13296,24645,1730092986.9878407
-13311,24656,1730092987.0278413
-13328,24666,1730092987.0688407
-13342,24676,1730092987.1128414
-13354,24686,1730092987.155053
-13365,24696,1730092987.196817
-13378,24706,1730092987.2378166
-13392,24716,1730092987.2798166
-13297,24621,1730092987.3198164
-13312,24631,1730092987.360817
-13329,24642,1730092987.4028172
-13347,24653,1730092987.4448173
-13368,24664,1730092987.4848166
-13386,24676,1730092987.5268178
-13402,24691,1730092987.5688167
-13418,24705,1730092987.6118166
-13323,24610,1730092987.6528165
-13228,24515,1730092987.693817
-13249,24528,1730092987.7358167
-13272,24540,1730092987.7778168
-13294,24554,1730092987.8178165
-13318,24568,1730092987.8608167
-13223,24473,1730092987.9418168
-13245,24489,1730092987.982817
-13266,24505,1730092988.0268176
-13171,24410,1730092988.0688164
-13076,24315,1730092988.1108167
-13101,24333,1730092988.1518166
-13130,24354,1730092988.193833
-13162,24373,1730092988.2368326
-13192,24393,1730092988.277833
-13223,24412,1730092988.3188317
-13253,24431,1730092988.3618355
-13282,24448,1730092988.402833
-13311,24468,1730092988.4448342
-13216,24373,1730092988.4848316
-13249,24394,1730092988.5268323
-13285,24417,1730092988.5678337
-13322,24438,1730092988.6108377
-13357,24463,1730092988.6508324
-13389,24488,1730092988.7328315
-13421,24511,1730092988.7758317
-13326,24416,1730092988.8168316
-13231,24321,1730092988.8598328
-13136,24226,1730092988.8998334
-13168,24249,1730092988.9438314
-13204,24274,1730092988.985832
-13239,24301,1730092989.0268328
-13276,24327,1730092989.0668344
-13313,24357,1730092989.110833
-13351,24385,1730092989.1534083
-13388,24413,1730092989.193416
-13293,24318,1730092989.2354202
-13331,24345,1730092989.2774165
-13236,24250,1730092989.3204193
-13281,24277,1730092989.3604167
-13324,24307,1730092989.4014168
-13371,24338,1730092989.4444168
-13416,24370,1730092989.486775
-13321,24275,1730092989.5277822
-13363,24311,1730092989.5687828
-13406,24346,1730092989.612782
-13311,24251,1730092989.6527824
-13357,24284,1730092989.7337825
-13262,24189,1730092989.7777824
-13309,24224,1730092989.8201692
-13358,24260,1730092989.8611724
-13407,24299,1730092989.9031725
-13456,24342,1730092989.9441724
-13501,24382,1730092989.9877357
-13545,24424,1730092990.0277433
-13587,24467,1730092990.0697446
-13630,24510,1730092990.1107433
-13676,24551,1730092990.193268
-13726,24590,1730092990.2352672
-13775,24630,1730092990.2772677
-13824,24670,1730092990.3182676
-13872,24713,1730092990.3612683
-13921,24757,1730092990.4032679
-13966,24799,1730092990.4452677
-13871,24704,1730092990.4852703
-13776,24609,1730092990.5272682
-13821,24648,1730092990.5682685
-13870,24687,1730092990.6132696
-13915,24724,1730092990.6532688
-13959,24762,1730092990.6942701
-14005,24801,1730092990.737267
-14050,24840,1730092990.7772682
-14096,24884,1730092990.8182688
-14139,24926,1730092991.01527
-14181,24968,1730092991.0582683
-14228,25007,1730092991.0989044
-14273,25050,1730092991.142351
-14318,25092,1730092991.1823583
-14361,25134,1730092991.227358
-14405,25178,1730092991.2693586
-14443,25220,1730092991.3113582
-14485,25262,1730092991.352358
-14525,25303,1730092991.393358
-14564,25342,1730092991.4353583
-14603,25381,1730092991.4773583
-14642,25423,1730092991.5193582
-14681,25464,1730092991.5613585
-14719,25506,1730092991.6013584
-14756,25548,1730092991.645358
-14792,25592,1730092991.6873577
-14829,25636,1730092991.7273576
-14867,25678,1730092991.810358
-14902,25719,1730092991.8533611
-14936,25763,1730092991.8943694
-14970,25807,1730092991.9363697
-15006,25852,1730092991.9783707
-15040,25898,1730092992.0183694
-15071,25941,1730092992.0608904
-15105,25985,1730092992.1018908
-15140,26029,1730092992.1448894
-15176,26073,1730092992.1858926
-15209,26114,1730092992.2268887
-15242,26158,1730092992.2688913
-15274,26204,1730092992.3108892
-15304,26250,1730092992.3527956
-15334,26296,1730092992.3950987
-15363,26340,1730092992.4381003
-15390,26384,1730092992.4780982
-15414,26427,1730092992.5600986
-15437,26468,1730092992.6040993
-15463,26512,1730092992.7271018
-15490,26558,1730092992.767102
-15513,26602,1730092992.8111
-15536,26648,1730092992.8511002
-15560,26692,1730092992.8951006
-15583,26735,1730092992.936102
-15612,26779,1730092993.0161002
-15637,26821,1730092993.061099
-15662,26862,1730092993.1021013
-15683,26905,1730092993.146101
-15706,26951,1730092993.187099
-15726,26996,1730092993.230102
-15745,27040,1730092993.2716196
-15764,27083,1730092993.3136194
-15784,27123,1730092993.35462
-15801,27165,1730092993.5176191
-15818,27207,1730092993.5626204
-15834,27249,1730092993.6046195
-15849,27293,1730092993.6466188
-15861,27338,1730092993.6886196
-15871,27381,1730092993.7296193
-15884,27425,1730092993.8106177
-15894,27468,1730092993.8534799
-15904,27510,1730092993.9704876
-15914,27553,1730092994.0114875
-15924,27599,1730092994.0534961
-15934,27644,1730092994.0955064
-15934,27691,1730092994.1355228
-15934,27735,1730092994.258523
-15934,27784,1730092994.3385243
-15924,27828,1730092994.4195232
-15914,27877,1730092994.462522
-15904,27924,1730092994.5035243
-15894,27973,1730092994.5455227
-15884,28022,1730092994.5855234
-15874,28082,1730092994.629523
-15864,28128,1730092994.7115219
-15854,28174,1730092994.7535226
-15844,28220,1730092994.7945244
-15833,28266,1730092994.8365226
-15822,28315,1730092994.8785222
-15812,28361,1730092994.9195235
-15801,28410,1730092994.9625225
-15791,28459,1730092995.0025232
-15780,28511,1730092995.0455236
-15765,28554,1730092995.128523
-15752,28600,1730092995.1715236
-15739,28644,1730092995.2135231
-15725,28686,1730092995.258524
-15706,28730,1730092995.300523
-15689,28774,1730092995.3435228
-15672,28820,1730092995.3869898
-15653,28864,1730092995.4279995
-15635,28907,1730092995.4679983
-15617,28948,1730092995.5109987
-15599,28989,1730092995.5529974
-15584,29029,1730092995.5939994
-15564,29068,1730092995.6369984
-15543,29106,1730092995.6769974
-15522,29145,1730092995.7189984
-15503,29187,1730092995.7605183
-15483,29228,1730092995.8025186
-15464,29270,1730092995.84652
-15439,29306,1730092995.928518
-15416,29341,1730092995.9705203
-15395,29376,1730092996.0125186
-15373,29411,1730092996.053517
-15352,29445,1730092996.0955188
-15329,29482,1730092996.1385193
-15308,29519,1730092996.1795206
-15286,29555,1730092996.2235184
-15265,29592,1730092996.2675219
-15244,29628,1730092996.312518
-15221,29659,1730092996.3525193
-15199,29689,1730092996.3955183
-15178,29721,1730092996.435519
-15155,29751,1730092996.47752
-15133,29783,1730092996.5185196
-15110,29815,1730092996.561519
-15087,29847,1730092996.6025193
-15064,29881,1730092996.6445177
-15040,29913,1730092996.6868262
-15016,29942,1730092996.7268345
-14993,29969,1730092996.7698338
-14972,29993,1730092996.8108344
-14949,30018,1730092996.8534431
-14926,30043,1730092996.8948426
-14905,30069,1730092996.9368591
-14881,30097,1730092996.9788594
-14856,30121,1730092997.0208602
-14831,30146,1730092997.0608606
-14803,30170,1730092997.101859
-14777,30191,1730092997.1448584
-14753,30209,1730092997.1858582
-14725,30230,1730092997.2268612
-14700,30250,1730092997.2688608
-14676,30269,1730092997.3118606
-14649,30290,1730092997.3539479
-14621,30313,1730092997.3956995
-14586,30331,1730092997.4357147
-14551,30348,1730092997.478715
-14511,30364,1730092997.5197153
-14475,30378,1730092997.5627146
-14440,30392,1730092997.606715
-14405,30406,1730092997.648713
-14373,30418,1730092997.6947134
-14339,30429,1730092997.734714
-14300,30439,1730092997.778715
-14261,30449,1730092997.8194275
-14222,30460,1730092997.8616545
-14180,30470,1730092997.9026546
-14138,30481,1730092997.945654
-14097,30491,1730092997.9873972
-14055,30501,1730092998.0294044
-14013,30511,1730092998.0694058
-13971,30521,1730092998.1114047
-13932,30531,1730092998.152405
-13891,30541,1730092998.1944046
-13847,30551,1730092998.2364047
-13801,30561,1730092998.2784054
-13757,30571,1730092998.3214045
-13710,30581,1730092998.3614068
-13663,30591,1730092998.4034042
-13615,30601,1730092998.4464047
-13569,30601,1730092998.4868453
-13527,30591,1730092998.5278533
-13481,30581,1730092998.5688694
-13439,30581,1730092998.6128697
-13393,30571,1730092998.6548688
-13344,30571,1730092998.6978052
-13294,30561,1730092998.741814
-13243,30551,1730092998.7828135
-13194,30541,1730092998.827814
-13144,30531,1730092998.869813
-13095,30521,1730092998.911814
-13044,30511,1730092998.951814
-12992,30501,1730092998.9948275
-12940,30491,1730092999.0358274
-12889,30481,1730092999.0788283
-12839,30471,1730092999.1195498
-12788,30461,1730092999.1615572
-12736,30451,1730092999.204557
-12685,30441,1730092999.2475574
-12633,30431,1730092999.289557
-12584,30418,1730092999.3345578
-12534,30407,1730092999.377558
-12483,30394,1730092999.4655561
-12429,30382,1730092999.5105574
-12375,30371,1730092999.5705612
-12319,30357,1730092999.6295571
-12265,30343,1730092999.6825585
-12211,30330,1730092999.7275581
-12155,30315,1730092999.7715569
-12100,30301,1730092999.8135574
-12044,30287,1730092999.8585575
-11989,30274,1730092999.9005573
-11929,30258,1730092999.943558
-11869,30241,1730092999.9845579
-11807,30223,1730093000.0275607
-11745,30205,1730093000.072557
-11682,30189,1730093000.1192825
-11620,30175,1730093000.166291
-11560,30157,1730093000.2142906
-11500,30139,1730093000.2612922
-11435,30119,1730093000.3062918
-11370,30098,1730093000.349291
-11304,30078,1730093000.395291
-11236,30055,1730093000.439306
-11170,30034,1730093000.4833062
-11103,30011,1730093000.5283163
-11039,29987,1730093000.5723052
-10975,29962,1730093000.6195543
-10910,29937,1730093000.663563
-10843,29916,1730093000.7115633
-10775,29893,1730093000.7605631
-10704,29868,1730093000.8045633
-10637,29842,1730093000.8475633
-10571,29816,1730093000.8915627
-10507,29786,1730093000.9325626
-10442,29757,1730093000.9759302
-10374,29731,1730093001.0163062
-10307,29703,1730093001.0613065
-10237,29675,1730093001.1043072
-10167,29647,1730093001.145306
-10095,29618,1730093001.1883051
-10023,29590,1730093001.2293067
-9953,29560,1730093001.2713075
-9881,29532,1730093001.3133066
-9810,29503,1730093001.354306
-9739,29473,1730093001.3973055
-9669,29443,1730093001.4373066
-9595,29413,1730093001.4793072
-9523,29381,1730093001.5203054
-9448,29349,1730093001.5613067
-9371,29318,1730093001.6043081
-9294,29287,1730093001.6463058
-9219,29255,1730093001.6883063
-9145,29221,1730093001.7303064
-9070,29189,1730093001.7713063
-8995,29156,1730093001.8143072
-8920,29124,1730093001.8553085
-8845,29091,1730093001.899306
-8768,29059,1730093001.9443076
-8689,29025,1730093001.9858596
-8611,28990,1730093002.0299115
-8532,28955,1730093002.0709114
-8455,28917,1730093002.112912
-8377,28881,1730093002.1539118
-8300,28842,1730093002.1978002
-8223,28806,1730093002.2388089
-8149,28768,1730093002.2798085
-8072,28729,1730093002.3208086
-7993,28692,1730093002.362809
-7912,28655,1730093002.405334
-7832,28616,1730093002.4473305
-7752,28578,1730093002.4873302
-7673,28540,1730093002.5293317
-7594,28498,1730093002.5703316
-7515,28459,1730093002.6143303
-7438,28420,1730093002.6543314
-7359,28383,1730093002.6963315
-7277,28345,1730093002.7393332
-7193,28305,1730093002.780331
-7109,28264,1730093002.8253312
-7025,28222,1730093002.866332
-6940,28180,1730093002.9483323
-6859,28136,1730093003.0393338
-6769,28094,1730093003.1603317
-6680,28050,1730093003.2023332
-6585,28007,1730093003.2453318
-6492,27963,1730093003.286879
-6400,27917,1730093003.4109044
-6305,27874,1730093003.4521484
-6210,27828,1730093003.535159
-6115,27782,1730093003.5781584
-6020,27736,1730093003.623158
-5925,27690,1730093003.6648989
-5830,27637,1730093003.7089067
-5735,27588,1730093003.7499065
-5640,27534,1730093003.7939067
-5545,27480,1730093003.8769064
-5450,27430,1730093003.9609065
-5355,27379,1730093004.0429065
-5260,27321,1730093004.3349214
-5165,27268,1730093004.378922
-5070,27211,1730093004.4659216
-4975,27155,1730093004.548921
-4880,27094,1730093004.5929205
-4785,27028,1730093004.635922
-4690,26967,1730093004.679921
-4595,26904,1730093004.7619207
-4500,26843,1730093004.8029234
-4405,26781,1730093004.843921
-4310,26716,1730093004.8879206
-4215,26651,1730093004.9309216
-4120,26585,1730093004.971921
-4025,26516,1730093005.0149217
-3930,26447,1730093005.055922
-3835,26370,1730093005.0969222
-3740,26303,1730093005.137922
-3645,26232,1730093005.1799212
-3550,26162,1730093005.2219212
-3455,26094,1730093005.263439
-3360,26025,1730093005.305451
-3265,25951,1730093005.5174508
-3170,25881,1730093005.5654504
-3075,25810,1730093005.6154509
-2980,25740,1730093005.656451
-2885,25661,1730093005.9374506
-2790,25583,1730093005.9824505
-2695,25506,1730093006.0254526
-2600,25427,1730093006.069451
-2505,25347,1730093006.1134508
-2410,25260,1730093006.2334504
-2315,25176,1730093006.3634508
-2220,25095,1730093006.4202018
-2125,25014,1730093006.4682088
-2030,24929,1730093006.511209
-1935,24842,1730093006.6347332
-1840,24756,1730093006.6757333
-1745,24668,1730093006.7197354
-1650,24581,1730093006.7637334
-1555,24493,1730093006.805735
-1460,24408,1730093006.852289
-1365,24324,1730093006.8932989
-1270,24239,1730093006.9392989
-1175,24159,1730093006.9882994
-1080,24075,1730093007.1532989
-985,23994,1730093007.1952991
-890,23915,1730093007.2383144
-795,23836,1730093007.2803142
-700,23757,1730093007.325314
-605,23677,1730093007.367313
-510,23597,1730093007.4534626
-415,23518,1730093007.496474
-320,23439,1730093007.5494733
-225,23364,1730093007.7004733
-130,23290,1730093007.7464736
-35,23211,1730093007.7924736
60,23136,1730093008.0004735
155,23061,1730093008.0404737
250,22990,1730093008.0844734
345,22918,1730093008.1269968
440,22846,1730093008.1689973
535,22768,1730093008.2109978
627,22692,1730093008.420997
718,22625,1730093008.5069995
811,22557,1730093008.5509965
902,22485,1730093008.594997
807,22390,1730093008.639999
712,22295,1730093008.7279973
617,22200,1730093008.7719972
522,22105,1730093008.8159966
608,22036,1730093008.902997
698,21970,1730093008.9469955
789,21905,1730093008.989996
882,21845,1730093009.403998
975,21787,1730093009.7729967
1068,21727,1730093009.8169968
1158,21668,1730093009.8620014
1249,21608,1730093009.9029984
1341,21548,1730093009.9459972
1431,21490,1730093010.1099951
1522,21431,1730093010.151996
1613,21375,1730093010.194997
1704,21320,1730093010.2359972
1797,21265,1730093010.2779975
1885,21214,1730093010.363484
1969,21162,1730093010.4025314
2054,21112,1730093010.4455314
2140,21060,1730093010.4865317
2224,21007,1730093010.529532
2309,20961,1730093010.615532
2394,20917,1730093010.6605318
2478,20873,1730093010.7035325
2559,20824,1730093010.7855325
2639,20780,1730093010.865532
2713,20738,1730093010.989532
2790,20698,1730093011.0325317
2866,20660,1730093011.0775318
2943,20623,1730093011.118533
3020,20587,1730093011.160532
3095,20552,1730093011.2035491
3169,20518,1730093011.2825472
3243,20484,1730093011.3265462
3315,20449,1730093011.3735473
3387,20414,1730093011.4195473
3460,20383,1730093011.4655466
3531,20355,1730093011.5105476
3601,20326,1730093011.552547
3673,20298,1730093011.5945468
3743,20269,1730093011.6385465
3813,20240,1730093011.6815467
3883,20211,1730093011.7225454
3953,20183,1730093011.765548
4020,20156,1730093011.8095472
4086,20130,1730093011.8514528
4151,20107,1730093011.8954613
4217,20083,1730093011.9394622
4279,20061,1730093011.9834619
4346,20040,1730093012.0284624
4408,20018,1730093012.0724618
4468,19998,1730093012.116462
4527,19977,1730093012.1624618
4585,19958,1730093012.2044623
4643,19940,1730093012.2484617
4702,19924,1730093012.2934625
4759,19906,1730093012.3364623
4817,19892,1730093012.379463
4875,19876,1730093012.4224617
4934,19860,1730093012.4644618
4992,19846,1730093012.5104632
5048,19832,1730093012.5544617
5106,19820,1730093012.5964618
5159,19807,1730093012.6424627
5213,19796,1730093012.6864617
5263,19786,1730093012.728464
5314,19775,1730093012.7704618
5363,19765,1730093012.8134627
5409,19755,1730093012.8554623
5451,19745,1730093012.939462
5494,19735,1730093012.980462
5539,19725,1730093013.0224626
5584,19715,1730093013.0634615
5628,19705,1730093013.1054623
5672,19695,1730093013.146462
5716,19695,1730093013.1884618
5758,19705,1730093013.2314615
5799,19715,1730093013.272462
5842,19725,1730093013.3154619
5884,19735,1730093013.360463
5924,19745,1730093013.4014616
5966,19755,1730093013.445462
6005,19765,1730093013.5314617
6040,19775,1730093013.5784621
6079,19785,1730093013.6234639
6118,19795,1730093013.665462
6158,19805,1730093013.706462
6196,19816,1730093013.7484624
6235,19827,1730093013.789462
6267,19838,1730093013.8314626
6295,19849,1730093013.8774629
6329,19859,1730093013.9214618
6359,19871,1730093013.964462
6391,19885,1730093014.0104628
6423,19903,1730093014.053462
6455,19923,1730093014.0944617
6485,19944,1730093014.137462
6518,19963,1730093014.1784627
6548,19983,1730093014.2594633
6576,20003,1730093014.3034618
6601,20023,1730093014.3474627
6629,20045,1730093014.3924632
6658,20068,1730093014.4364617
6686,20093,1730093014.4794624
6716,20119,1730093014.5224617
6746,20149,1730093014.567462
6778,20179,1730093014.6154613
6812,20207,1730093014.7004619
6838,20236,1730093014.7855093
6866,20269,1730093014.8945198
6896,20305,1730093014.9375367
6927,20345,1730093014.9805353
6957,20386,1730093015.0275333
6862,20291,1730093015.1955328
6767,20196,1730093015.2375362
6797,20239,1730093015.2805328
6829,20285,1730093015.3235326
6861,20334,1730093015.3655336
6896,20385,1730093015.416533
6932,20440,1730093015.4635327
6965,20493,1730093015.6795332
7000,20552,1730093015.7635765
7035,20610,1730093015.8045857
7071,20675,1730093015.8465853
7107,20738,1730093015.887585
7144,20805,1730093015.9305854
7049,20710,1730093015.9705856
6954,20615,1730093016.013585
6991,20678,1730093016.135585
7032,20740,1730093016.1785848
7070,20803,1730093016.221585
7109,20865,1730093016.2625878
7148,20932,1730093016.3055851
7187,21001,1730093016.3475847
7234,21064,1730093016.590107
7277,21132,1730093016.6331062
7319,21199,1730093016.6781058
7361,21268,1730093016.7191055
7402,21337,1730093016.7611063
7443,21403,1730093017.0067067
7481,21472,1730093017.047225
7522,21537,1730093017.092225
7563,21602,1730093017.1332252
7602,21669,1730093017.178227
7641,21736,1730093017.2212253
7687,21804,1730093017.34324
7738,21864,1730093017.3872402
7780,21930,1730093017.4289649
7823,21995,1730093017.470973
7866,22060,1730093017.511974
7912,22120,1730093017.5549731
7952,22184,1730093017.594973
7994,22248,1730093017.639313
8031,22312,1730093017.683313
8073,22368,1730093017.8883293
8113,22424,1730093017.9313304
8151,22482,1730093017.9773293
8191,22540,1730093018.0203295
8232,22599,1730093018.061329
8272,22657,1730093018.1043286
8314,22710,1730093018.306328
8354,22761,1730093018.3493276
8394,22812,1730093018.395329
8433,22865,1730093018.4373279
8472,22918,1730093018.4803278
8514,22971,1730093018.5233285
8555,23029,1730093018.565328
8598,23082,1730093018.6513288
8640,23137,1730093018.6943283
8682,23188,1730093018.7783272
8721,23237,1730093018.8203282
8761,23286,1730093018.863328
8803,23336,1730093018.9043279
8845,23385,1730093018.945327
8887,23436,1730093018.9893284
8930,23485,1730093019.031328
8940,23390,1730093019.155329
8984,23433,1730093019.196328
9024,23479,1730093019.238329
9062,23524,1730093019.2793288
9100,23568,1730093019.3203282
9140,23613,1730093019.3633304
9180,23659,1730093019.4057362
9180,23564,1730093019.5297463
9217,23608,1730093019.6117456
9256,23652,1730093019.654746
9293,23689,1730093019.6947455
9331,23728,1730093019.7392476
9369,23769,1730093019.7822568
9409,23808,1730093019.8242571
9450,23847,1730093019.9482563
9492,23883,1730093020.0712574
9530,23922,1730093020.1152744
9569,23958,1730093020.1592746
9610,23995,1730093020.2012742
9652,24030,1730093020.2452729
9700,24061,1730093020.4112735
9744,24092,1730093020.4942725
9782,24124,1730093020.5382736
9820,24155,1730093020.5792754
9859,24184,1730093020.6629922
9902,24211,1730093020.706847
9939,24234,1730093020.7478583
9976,24261,1730093020.7949538
10009,24284,1730093020.839542
10046,24310,1730093020.8805532
10083,24337,1730093020.963553
